,Image Name,Acc,F1,Jaccard,Recall,Precision
0,ISIC_0025659.jpg,0.94061279296875,0.9664338076757223,0.9350478129537224,0.9913654298706583,0.9427254219036563
1,ISIC_0033705.jpg,0.9278564453125,0.9563394588604673,0.9163319117308747,0.9876592660410468,0.926944971537002
2,ISIC_0024925.jpg,0.9846954345703125,0.9918793973104045,0.9838896206110058,0.9973785332812296,0.986440568787542
3,ISIC_0031243.jpg,0.9813690185546875,0.9897814861619061,0.9797696959655372,0.9955721669444585,0.9840577780736205
4,ISIC_0030070.jpg,0.9901123046875,0.9948240331006278,0.989701371561164,0.9986208887249635,0.9910559401607384
5,ISIC_0025885.jpg,0.9592132568359375,0.9720599149149672,0.9456386894714364,0.9956105603494422,0.949597680022873
6,ISIC_0000154.jpg,0.962249755859375,0.9777401882276727,0.9564497958034079,0.993854033290653,0.9621405298200878
7,ISIC_0000172.jpg,0.97430419921875,0.9817464446756851,0.9641473280817543,0.9977966773895034,0.9662043951354811
8,ISIC_0030321.jpg,0.972442626953125,0.9855501504192536,0.9715119488918684,0.9960055631023998,0.9753119655412681
9,ISIC_0010240.jpg,0.87750244140625,0.9195929568718575,0.8511541670529341,0.9660360682645567,0.8774105999503068
10,ISIC_0025982.jpg,0.917816162109375,0.9448189660471693,0.8954093521826938,0.9868590017977913,0.9062143783656302
11,ISIC_0025157.jpg,0.9821929931640625,0.9909643451666602,0.9820905142646675,0.9988449772117125,0.9832070920460307
12,ISIC_0027969.jpg,0.9731597900390625,0.9860147088054064,0.9724151990841657,0.9957765251882899,0.9764424288233812
13,ISIC_0031309.jpg,0.99072265625,0.9951932199101892,0.9904324290300246,0.9990793358519318,0.9913372184596
14,ISIC_0027629.jpg,0.9464111328125,0.9697335309731463,0.9412453575133001,0.9891176315465621,0.9510945820302595
15,ISIC_0000261.jpg,0.9868621826171875,0.9927634288403835,0.9856308411214953,0.9983940223822565,0.987195988299206
16,ISIC_0030785.jpg,0.975677490234375,0.9873526191345192,0.9750211552323942,0.9967160592711254,0.9781634674338537
17,ISIC_0030915.jpg,0.9930877685546875,0.9965286558311685,0.9930813287514318,0.9998154811329458,0.9932633701480226
18,ISIC_0000527.jpg,0.9462127685546875,0.967873059851806,0.9377461455592251,0.9925973006318466,0.9443505789033738
19,ISIC_0028350.jpg,0.996063232421875,0.9980264667635584,0.9960607078511009,0.99955565770321,0.9965019476055907
20,ISIC_0032240.jpg,0.988739013671875,0.9939135024576914,0.987900647594065,0.9959176252809732,0.9919174293803911
21,ISIC_0029315.jpg,0.95941162109375,0.978054978054978,0.9570524412296564,0.9949477147221243,0.9617262918796139
22,ISIC_0010131.jpg,0.945526123046875,0.9557203810279817,0.9151958571869729,0.983358431812961,0.9295934370852937
23,ISIC_0028104.jpg,0.9040985107421875,0.9416829818229056,0.889792912377913,0.9875063246798739,0.8999237412878855
24,ISIC_0024672.jpg,0.9474029541015625,0.968399629633025,0.9387352481160245,0.9912170404429014,0.9466090759194208
25,ISIC_0000450.jpg,0.90875244140625,0.942481195775542,0.8912193258508723,0.9725078407241257,0.9142531910129134
26,ISIC_0000382.jpg,0.8144683837890625,0.8330564441942525,0.713878953313253,0.9543238227059675,0.739133612708313
27,ISIC_0027041.jpg,0.849090576171875,0.856174742597871,0.7485188293030234,0.9564609935991162,0.7749229999736752
28,ISIC_0010288.jpg,0.827789306640625,0.845295536791315,0.7320449203447376,0.946843139663432,0.7634198276715857
29,ISIC_0026927.jpg,0.9836883544921875,0.9916528067339753,0.9834438111758147,0.997815770451617,0.9855655062161449
30,ISIC_0026865.jpg,0.99896240234375,0.999480638509127,0.9989618162109345,0.9998777487431043,0.9990838435815608
31,ISIC_0010652.jpg,0.9104461669921875,0.896946497866587,0.8131486787647246,0.9760767378759506,0.8296842515592515
32,ISIC_0028926.jpg,0.9447784423828125,0.9688717626719192,0.939622956289623,0.993666196189132,0.9452845705845824
33,ISIC_0000550.jpg,0.967010498046875,0.9761736830504739,0.9534563303265807,0.9921370967741936,0.9607158351409978
34,ISIC_0011193.jpg,0.916351318359375,0.9509949403750916,0.9065684971196782,0.9887540197408777,0.9160137078303398
35,ISIC_0011126.jpg,0.9282684326171875,0.9374808825289588,0.8823190727714222,0.9859296763545834,0.8935706317817665
36,ISIC_0028106.jpg,0.980438232421875,0.9894622630653143,0.9791442980315601,0.9955340897813358,0.9834640522875817
37,ISIC_0027374.jpg,0.96990966796875,0.9826658696951583,0.9659224441833137,0.9968967362225789,0.9688355808229625
38,ISIC_0000051.jpg,0.9515838623046875,0.9691645367877864,0.9401738409035202,0.9917263325377884,0.9476064689002489
39,ISIC_0025076.jpg,0.9821014404296875,0.9906253746253747,0.9814248840044973,0.99856601949569,0.9828100222010784
40,ISIC_0027058.jpg,0.848968505859375,0.8851287050576794,0.7939290473017988,0.8983274440518256,0.8723121969073109
41,ISIC_0029567.jpg,0.98052978515625,0.9899481653038396,0.9800963983216086,0.9963844531485387,0.9835944960160298
42,ISIC_0025883.jpg,0.9248809814453125,0.9523191507908068,0.9089782938283475,0.9834960390493719,0.9230581476126998
43,ISIC_0026205.jpg,0.88037109375,0.897740908853759,0.8144554361717233,0.9802324256579696,0.828055822906641
44,ISIC_0027708.jpg,0.9090423583984375,0.9481422195930369,0.9013977338516251,0.9874248024932957,0.9118655979652281
45,ISIC_0030339.jpg,0.89361572265625,0.9175301632363378,0.8476265407815369,0.9805577326625035,0.8621157223197813
46,ISIC_0000442.jpg,0.9666595458984375,0.9818175766199833,0.9642845467324855,0.9938006435201563,0.9701200460450584
47,ISIC_0025975.jpg,0.937744140625,0.9645790287014047,0.9315815068837724,0.9938102649421278,0.937018233339518
48,ISIC_0024848.jpg,0.9105377197265625,0.9489796806335117,0.9029127821291957,0.99222972358197,0.9093425836363029
49,ISIC_0032199.jpg,0.9568634033203125,0.9772988251921209,0.9556054586284333,0.9956151832460733,0.9596442257652458
50,ISIC_0000363.jpg,0.9623565673828125,0.9770141716436684,0.9550612966100152,0.9946313053705917,0.9600102537810817
51,ISIC_0026174.jpg,0.8244781494140625,0.8738581658277681,0.7759752273745302,0.9634859989360158,0.7994863254208721
52,ISIC_0000268.jpg,0.8939971923828125,0.9211831043441757,0.8538827191654047,0.9799174491298366,0.8690914540160987
53,ISIC_0029041.jpg,0.827056884765625,0.8740358754362177,0.7762555274794694,0.9606899416090494,0.8017207984178442
54,ISIC_0031823.jpg,0.8981170654296875,0.939412912299805,0.8857480193699628,0.9788771014163877,0.9030074663317285
55,ISIC_0028739.jpg,0.9625244140625,0.9803695888483919,0.9614950457795058,0.996587474406058,0.964671091955831
56,ISIC_0026511.jpg,0.9693756103515625,0.9797110825810494,0.9602290741915028,0.9890596615843079,0.9705375741067137
57,ISIC_0028107.jpg,0.90313720703125,0.9412048014226437,0.8889394310507716,0.989291277258567,0.8975763143018655
58,ISIC_0000165.jpg,0.9852294921875,0.991792576011938,0.9837187789084181,0.9996581605619841,0.9840498023050391
59,ISIC_0000417.jpg,0.884613037109375,0.9042687867125784,0.8252651523904152,0.963369568149327,0.8520002862663708
60,ISIC_0024923.jpg,0.9493255615234375,0.9733289430358907,0.9480436177036562,0.9971204317706877,0.9506463353413654
61,ISIC_0011135.jpg,0.96832275390625,0.980463382959101,0.9616754970555115,0.996613736368854,0.9648281226848422
62,ISIC_0026556.jpg,0.913726806640625,0.950213972491767,0.9051501425935246,0.9905090595340811,0.9130692298580204
63,ISIC_0025939.jpg,0.843109130859375,0.8937260981912145,0.8078705433888931,0.9687205915303607,0.8295088257866462
64,ISIC_0000534.jpg,0.97027587890625,0.9784941488187238,0.9578938267335293,0.9928086564957322,0.9645865529025096
65,ISIC_0026857.jpg,0.9816131591796875,0.9905138277688995,0.9812059392351363,0.9979061910124836,0.9832301825456364
66,ISIC_0011042.jpg,0.9332427978515625,0.9618120717496619,0.9264334958802758,0.9909885603280811,0.9343044650579118
67,ISIC_0010094.jpg,0.9836578369140625,0.9902739813107876,0.9807353311508437,0.9975848504253957,0.9830694890195089
68,ISIC_0000082.jpg,0.9807586669921875,0.9879164790095538,0.9761214944422352,0.9936772303184517,0.982222137535489
69,ISIC_0010995.jpg,0.9664306640625,0.9812004375170904,0.9630946789237066,0.9922400235046058,0.9704037996720923
70,ISIC_0025178.jpg,0.9835357666015625,0.9915928410587255,0.983325864227102,0.9975543989465103,0.9857021144760282
71,ISIC_0026248.jpg,0.8859100341796875,0.9040709236236737,0.8249356122687895,0.9800828952126623,0.8390008096394723
72,ISIC_0027648.jpg,0.95428466796875,0.9749355821035371,0.9510968921389397,0.9927589320702639,0.957740922763359
73,ISIC_0030528.jpg,0.9251251220703125,0.9546458643350308,0.9132272325375773,0.9894811465358676,0.9221799610721237
74,ISIC_0031258.jpg,0.99249267578125,0.9961951310050423,0.9924191063174114,0.998558161888963,0.9938432576727823
75,ISIC_0030746.jpg,0.967071533203125,0.9820752209449133,0.964781721746226,0.994014090427589,0.9704197376844662
76,ISIC_0025083.jpg,0.90008544921875,0.9312228220910448,0.8712974428523694,0.9818161683277963,0.8855881412817644
77,ISIC_0027713.jpg,0.8131866455078125,0.849529896146992,0.7384197931800701,0.959121940389632,0.76241424190951
78,ISIC_0010376.jpg,0.8301239013671875,0.8503890449249458,0.7397189816005424,0.9580910852713178,0.764454323612554
79,ISIC_0025780.jpg,0.8935546875,0.8772090403435894,0.7812754750109738,0.9609347884771123,0.8069039215051326
80,ISIC_0027025.jpg,0.867431640625,0.9086589007107112,0.8326076066432893,0.9759038865427611,0.8500836038162684
81,ISIC_0029915.jpg,0.97247314453125,0.9845619319835007,0.96959328490283,0.994158616041339,0.9751487515044668
82,ISIC_0000518.jpg,0.8702392578125,0.9075571788851206,0.8307594332112721,0.9845515224415671,0.8417316960054847
83,ISIC_0029392.jpg,0.93115234375,0.9619201944500709,0.9266341463414635,0.9928050033971534,0.9328989801430746
84,ISIC_0000300.jpg,0.92449951171875,0.943060989643268,0.8922567720581831,0.9834633385335413,0.9058472421797281
85,ISIC_0026775.jpg,0.87713623046875,0.9109390554142242,0.8364445166663281,0.9647860924980085,0.8627849480388871
86,ISIC_0030233.jpg,0.9576416015625,0.9772939194163163,0.9555960778668202,0.9955671838285534,0.9596793625805208
87,ISIC_0028180.jpg,0.8433990478515625,0.8350662916834071,0.7168358900783578,0.9257108244851422,0.7605901812113938
88,ISIC_0031552.jpg,0.946533203125,0.9698772394346825,0.9415161731815602,0.9911097055309579,0.949535416105575
89,ISIC_0026787.jpg,0.9080047607421875,0.9440521153292936,0.8940328675630548,0.9914626539840948,0.9009688789698355
90,ISIC_0000093.jpg,0.9835205078125,0.990651940587889,0.9814770349535211,0.9978552372316867,0.9835518966021003
91,ISIC_0028495.jpg,0.99609375,0.998029131894189,0.9960660171497064,1.0,0.9960660171497064
92,ISIC_0031489.jpg,0.982177734375,0.9905130121186523,0.9812043384506453,0.9973664840107958,0.9837530856230136
93,ISIC_0027447.jpg,0.94415283203125,0.9690794809407948,0.9400137673320877,0.9948828253742475,0.9445807737281576
94,ISIC_0026992.jpg,0.92584228515625,0.9532449541107884,0.910666691175119,0.9911375185051815,0.9181430689399556
95,ISIC_0025419.jpg,0.9769744873046875,0.9879116565596686,0.976112078518284,0.995945858638067,0.9800060395111174
96,ISIC_0010251.jpg,0.967620849609375,0.9814283213723087,0.9635338798095926,0.9929692204158255,0.9701526109976815
97,ISIC_0026060.jpg,0.94287109375,0.9683205848507411,0.9385867069089955,0.9931613843857395,0.9446920917946178
98,ISIC_0028615.jpg,0.8135223388671875,0.843627243995752,0.7295461083940071,0.9654425115679728,0.7491080964392028
99,ISIC_0010414.jpg,0.95477294921875,0.9752554598276898,0.951705934108906,0.9947545897339828,0.9565060753938361
100,ISIC_0029067.jpg,0.95892333984375,0.9777144938574125,0.956400621922778,0.9915540256905382,0.9642559723061348
101,ISIC_0011161.jpg,0.998260498046875,0.9991294918981658,0.998260498046875,0.9999694301785278,0.9982909634693442
102,ISIC_0031378.jpg,1.0,1.0,1.0,1.0,1.0
103,ISIC_0011178.jpg,0.9136962890625,0.9520352781546811,0.9084611898750566,0.9901220630776829,0.9167701051806363
104,ISIC_0000491.jpg,0.891510009765625,0.8134837355718783,0.6856068980764979,0.9326315789473684,0.7213305419865085
105,ISIC_0000372.jpg,0.9600067138671875,0.977899201470576,0.9567541703103601,0.997951983478186,0.9586364237534718
106,ISIC_0026336.jpg,0.9916534423828125,0.9956707901005929,0.9913789027407839,0.998809089032504,0.9925521507242718
107,ISIC_0030991.jpg,0.8419342041015625,0.8956703024443303,0.8110533515731874,0.9815894039735099,0.8235817080624549
108,ISIC_0000262.jpg,0.9825286865234375,0.9905709321189462,0.9813180179151234,0.9980253223370891,0.9832270720941638
109,ISIC_0031457.jpg,0.985565185546875,0.9925330723329017,0.985176828217302,0.9974458228892343,0.987668478431619
110,ISIC_0000380.jpg,0.902252197265625,0.921053928817904,0.8536607652769845,0.9879183630307196,0.8626667897871555
111,ISIC_0024997.jpg,0.942657470703125,0.9691035253880558,0.9400590158704841,0.9961968831344444,0.9434448535296942
112,ISIC_0000439.jpg,0.976837158203125,0.9874692509616814,0.9752486548181967,0.9953901712459852,0.9796733985225952
113,ISIC_0011031.jpg,0.9971771240234375,0.9985857026000138,0.997175400024429,0.999785686949866,0.9973885953391772
114,ISIC_0001116.jpg,0.9750213623046875,0.9871433395901891,0.9746130703141962,0.9976663703327406,0.9768399782389058
115,ISIC_0000424.jpg,0.9497222900390625,0.9644908559912924,0.931417034385147,0.9920413230469096,0.9384292754534969
116,ISIC_0029805.jpg,0.93560791015625,0.9636018630326031,0.9297603195739015,0.9922199722903122,0.9365883102511653
117,ISIC_0030870.jpg,0.9218292236328125,0.9437113379407337,0.893421819089623,0.9836459836459837,0.9068927651307176
118,ISIC_0000503.jpg,0.977935791015625,0.986033573512083,0.9724518955991618,0.9954172273250258,0.9768251841929002
119,ISIC_0030514.jpg,0.9415130615234375,0.969496812802903,0.9407994316251197,0.9971026354558847,0.9433784014000527
120,ISIC_0030261.jpg,0.979522705078125,0.9895491005373412,0.9793143843640175,0.9982088989441931,0.9810382631790248
121,ISIC_0029337.jpg,0.9466094970703125,0.9715294672861456,0.9446351999240494,0.9929644229329874,0.9510003823117115
122,ISIC_0024489.jpg,0.83056640625,0.8003236827908651,0.6671163473933507,0.8861853371032615,0.7296304796878587
123,ISIC_0030249.jpg,0.9859771728515625,0.992919494888014,0.9859385519309627,0.9990542342398214,0.986859637031932
124,ISIC_0028693.jpg,0.9837799072265625,0.9916903137043377,0.9835175910563937,0.9981588430610414,0.985305082639493
125,ISIC_0025321.jpg,0.971710205078125,0.9840560017887549,0.9686124466716327,0.9922994207221895,0.9759484170305677
126,ISIC_0026350.jpg,0.936004638671875,0.9659129699767551,0.9340731891348089,0.9951100244498777,0.9383803929000063
127,ISIC_0029900.jpg,0.8196563720703125,0.8342658421325706,0.7156570273781456,0.9507782785182344,0.7431919252485885
128,ISIC_0009897.jpg,0.9247894287109375,0.9438463378789431,0.8936638405281212,0.9720292847756711,0.9172516109032129
129,ISIC_0026729.jpg,0.87005615234375,0.9184213047226747,0.8491488494854127,0.9812699582412183,0.8631387518455832
130,ISIC_0032919.jpg,0.9711761474609375,0.9843391173861498,0.9691611976360728,0.9931907916750318,0.9756438279619373
131,ISIC_0025066.jpg,0.9610748291015625,0.9792383882283044,0.9593213311859163,0.9929195068411758,0.9659291609132654
132,ISIC_0029412.jpg,0.95367431640625,0.9760469593208572,0.9532145719040868,0.997243136053654,0.9557330696373666
133,ISIC_0029460.jpg,0.977691650390625,0.9878298509947556,0.97595236528719,0.9955035065937384,0.9802735923869944
134,ISIC_0028035.jpg,0.9959259033203125,0.997936742216418,0.9958819809676573,0.9995974982971082,0.9962814954251593
135,ISIC_0027545.jpg,0.8602142333984375,0.9057655711567144,0.8277619011807175,0.9822412600673761,0.8403382195755077
136,ISIC_0033608.jpg,0.9864349365234375,0.9916537576867108,0.9834456817250754,0.9981478331537865,0.9852436385344377
137,ISIC_0026213.jpg,0.97918701171875,0.9893650199600799,0.9789538651442679,0.9982535361958557,0.9806333946428848
138,ISIC_0027562.jpg,0.866943359375,0.9228755395174414,0.8567956381790711,0.9910905947835338,0.8634460387600748
139,ISIC_0000479.jpg,0.8921051025390625,0.937092426358727,0.8816311498736127,0.9898693731792125,0.8896584344065678
140,ISIC_0000446.jpg,0.956512451171875,0.976746842465977,0.9545505286491142,0.9950461308286925,0.9591084619205563
141,ISIC_0029745.jpg,0.9487457275390625,0.9714862949160888,0.9445535729023952,0.9927653151511997,0.9511003257762117
142,ISIC_0028872.jpg,0.953765869140625,0.9758761803156001,0.95288886124759,0.9959049692872697,0.9566371128871128
143,ISIC_0030133.jpg,0.903076171875,0.9426942369456173,0.8916003959179494,0.9887772289407445,0.9007154555641755
144,ISIC_0033456.jpg,0.8981781005859375,0.9253086488846106,0.8609994375820192,0.9733663016601908,0.8817731888386381
145,ISIC_0011095.jpg,0.915313720703125,0.9504508526024461,0.9055801292956788,0.9951206745059916,0.9096190980707121
146,ISIC_0025434.jpg,0.8780517578125,0.8295948827292111,0.7088100269620345,0.9129475808343892,0.7601891289906608
147,ISIC_0010241.jpg,0.9627227783203125,0.9805964814741274,0.9619316233988843,0.9953883612557847,0.9662377911344854
148,ISIC_0011032.jpg,0.93145751953125,0.9556021190796237,0.9149789908013779,0.9919156270518713,0.9218535469107552
149,ISIC_0028393.jpg,0.921417236328125,0.955403533079321,0.9146149382409019,0.991783826543454,0.9215977814160179
150,ISIC_0025807.jpg,0.9445037841796875,0.9608026986539062,0.9245623496225006,0.9603369527749052,0.9612688965085937
151,ISIC_0027216.jpg,0.9407501220703125,0.9667178085009728,0.9355796668657509,0.9944978396966758,0.94044760189447
152,ISIC_0026760.jpg,0.9781951904296875,0.9885832527742937,0.9774242472116023,0.996280193236715,0.9810043287297636
153,ISIC_0028593.jpg,0.8983001708984375,0.944633200142882,0.8950757217971727,0.9938123787383545,0.9000918186423505
154,ISIC_0010942.jpg,0.9240264892578125,0.945912769539949,0.8973761774223468,0.9879731324316965,0.9072873903348824
155,ISIC_0010770.jpg,0.97772216796875,0.9878091548237337,0.9759119631750013,0.9978743863555848,0.9779449450276928
156,ISIC_0029889.jpg,0.916351318359375,0.9414503898323187,0.8893776737428364,0.9846298199365533,0.901898993206188
157,ISIC_0030782.jpg,0.9791412353515625,0.9885808321708115,0.9774195146930078,0.9956755119554427,0.9815865432467403
158,ISIC_0027526.jpg,0.9020233154296875,0.9456634876577165,0.8969275715936817,0.9920106524633822,0.9034537399346765
159,ISIC_0000445.jpg,0.9355926513671875,0.9619335347432023,0.9266589057043073,0.9828609339869522,0.9418787418540169
160,ISIC_0031063.jpg,0.91461181640625,0.9531535151606475,0.910499800079968,0.9910692524633543,0.9180319938076501
161,ISIC_0031266.jpg,0.9359130859375,0.9637980968142326,0.9301257736075065,0.9934431472893012,0.9358710390197359
162,ISIC_0027739.jpg,0.9658050537109375,0.9822234561535715,0.9650678845884059,0.9990479417792193,0.9659562517552345
163,ISIC_0010977.jpg,0.9680328369140625,0.9827499608889327,0.9660849575859612,0.9914605173530927,0.9741911260570048
164,ISIC_0010923.jpg,0.941741943359375,0.9683699506246479,0.9386794725599473,0.9945545818088999,0.9435287280241512
165,ISIC_0026042.jpg,0.849212646484375,0.6651758487497459,0.49832470301553455,0.9132012280212113,0.523101518784972
166,ISIC_0028414.jpg,0.973388671875,0.9854484772632458,0.9713143740645097,0.9959019158121964,0.9752122072860587
167,ISIC_0025075.jpg,0.7899932861328125,0.8011615643555774,0.6682815136177392,0.9478992171207822,0.6937646999949958
168,ISIC_0026702.jpg,0.813995361328125,0.8505431450920772,0.7399522143527605,0.9627511935161541,0.7617604427460799
169,ISIC_0025661.jpg,0.9343109130859375,0.9611661870698287,0.92523575484969,0.9894142554693014,0.934486327200014
170,ISIC_0000386.jpg,0.9567108154296875,0.9733847438387138,0.9481495019647264,0.9909648335275353,0.9564175362265404
171,ISIC_0031827.jpg,0.957794189453125,0.9773007041213255,0.9556090515166105,0.9879869914382425,0.9668431136946709
172,ISIC_0000330.jpg,0.974700927734375,0.9840010807472596,0.9685060309621046,0.9961706035207002,0.9721253026749795
173,ISIC_0010000.jpg,0.9175262451171875,0.9470860622436292,0.8994904790241,0.9862173017717699,0.9109416195856874
174,ISIC_0029830.jpg,0.9800567626953125,0.9898096819716355,0.9798249540774586,0.9985370227626673,0.9812335755139898
175,ISIC_0028994.jpg,0.97747802734375,0.9883599886438913,0.9769878391019644,0.9984544541992638,0.9784675920865669
176,ISIC_0030659.jpg,0.984588623046875,0.9918812899906756,0.9838933452405633,0.9970426632191338,0.9867730791376111
177,ISIC_0029201.jpg,0.9502105712890625,0.9717310507940083,0.9450164293537787,0.987115851726687,0.9568184532441608
178,ISIC_0027023.jpg,0.8532562255859375,0.7952653652098014,0.6601166283795724,0.9010564909064596,0.711705532693187
179,ISIC_0000225.jpg,0.99029541015625,0.9947170814366881,0.9894896879957694,0.9997662381031892,0.9897186683857317
180,ISIC_0031738.jpg,0.9102325439453125,0.9437146602118235,0.8934277743560016,0.9910777083375198,0.9006720479199386
181,ISIC_0025711.jpg,0.9810943603515625,0.9898511668291244,0.9799062616564765,0.9958794831223629,0.9838953933334419
182,ISIC_0025842.jpg,0.877685546875,0.9115680780177835,0.8375058279783504,0.9723006683611033,0.8579764920878847
183,ISIC_0029742.jpg,0.8926239013671875,0.9326957103916599,0.8738798480177791,0.9874240583232078,0.883715450838242
184,ISIC_0000095.jpg,0.7933502197265625,0.8429487551169506,0.728531911481719,0.9700795387818288,0.7452785695244735
185,ISIC_0027829.jpg,0.933685302734375,0.9642369282928194,0.9309435281405918,0.9952266897688087,0.9351188291063477
186,ISIC_0028871.jpg,0.998046875,0.9990207628869133,0.9980434417083199,0.9999234279763546,0.9981197260609025
187,ISIC_0010468.jpg,0.9584808349609375,0.9772911259295116,0.9555907362373717,0.9937371645818835,0.9613805786345276
188,ISIC_0025777.jpg,0.97186279296875,0.9846264152201825,0.9697183676820758,0.9957506365613882,0.9737480005936382
189,ISIC_0025529.jpg,0.9660186767578125,0.9803734940820841,0.9615025584289864,0.9963635712238463,0.9648885419377222
190,ISIC_0025953.jpg,0.841552734375,0.8738305265971665,0.7759316401614051,0.9625257635375679,0.8001023518679216
191,ISIC_0000157.jpg,0.9779052734375,0.9855330202817464,0.9714786582363253,0.9942948149342795,0.9769242958443926
192,ISIC_0010551.jpg,0.9213714599609375,0.9556635835663584,0.9150916970126381,0.9890121631969797,0.9244906112664802
193,ISIC_0010799.jpg,0.899932861328125,0.9389908086183157,0.8849978079789566,0.9856643424933107,0.8965376347906415
194,ISIC_0010426.jpg,0.837249755859375,0.8091608516729288,0.679487949996995,0.945199180704761,0.7073544592861388
195,ISIC_0027303.jpg,0.962677001953125,0.9743094212792774,0.949905791758827,0.9928929228924948,0.9564087759815243
196,ISIC_0031026.jpg,0.9436492919921875,0.9674588278833698,0.9369687660010241,0.9922100925390399,0.9439123781358001
197,ISIC_0010393.jpg,0.916778564453125,0.9522274582625301,0.9088112355793345,0.9881112524995456,0.9188586111298939
198,ISIC_0027294.jpg,0.988311767578125,0.9938768005883386,0.9878281319519482,0.9996462340001286,0.9881735813066285
199,ISIC_0025856.jpg,0.97625732421875,0.9873070773648319,0.9749323366413197,0.9982514598660552,0.9766000710066811
200,ISIC_0029563.jpg,0.9392547607421875,0.9625982957374646,0.9278934975547908,0.9899132383915287,0.9367502925687536
201,ISIC_0000444.jpg,0.936676025390625,0.9647701998336136,0.9319382031685637,0.9886389338344034,0.942026823162746
202,ISIC_0024885.jpg,0.9832763671875,0.9915132180080841,0.9831692747124495,0.9990169459788409,0.984121372356124
203,ISIC_0026984.jpg,0.91656494140625,0.9513219976853913,0.9071631097302161,0.9899946267439922,0.9155571548518652
204,ISIC_0028283.jpg,0.9823455810546875,0.9910765932175939,0.9823110322896281,0.9992224071165301,0.9830625172128891
205,ISIC_0000053.jpg,0.9380950927734375,0.9587933573713879,0.9208482909317933,0.9886056594684037,0.9307264552768576
206,ISIC_0025470.jpg,0.8094329833984375,0.8102004528806552,0.6809554221484225,0.929557818384712,0.718006734006734
207,ISIC_0029129.jpg,0.9562225341796875,0.9764664386314607,0.95401506651707,0.9952013108614233,0.9584239086678582
208,ISIC_0029466.jpg,0.968048095703125,0.9829481604534128,0.9664681014604151,0.996713622776741,0.9695577438995004
209,ISIC_0027513.jpg,0.8497467041015625,0.8352931337291963,0.7171702665441176,0.9585764742014742,0.7401073005898569
210,ISIC_0011125.jpg,0.9561309814453125,0.9760182844940484,0.9531598755274605,0.9923837633368955,0.9601838174954866
211,ISIC_0026321.jpg,0.9337005615234375,0.959884778373787,0.9228638889382024,0.9849185297461159,0.9360920533736697
212,ISIC_0010746.jpg,0.9324188232421875,0.9635356204872345,0.9296369846691556,0.9953224132945518,0.9337162916866124
213,ISIC_0032014.jpg,0.8822784423828125,0.911765042258998,0.8378384059189508,0.9690288075847818,0.8608915381624984
214,ISIC_0027202.jpg,0.8864288330078125,0.9371638905538999,0.8817576691502375,0.9923833363132487,0.8877657107211977
215,ISIC_0000385.jpg,0.97186279296875,0.9842758714782728,0.9690385842372141,0.9943489197477688,0.9744048624008104
216,ISIC_0031929.jpg,0.9082794189453125,0.9438628276847503,0.8936934069043577,0.9884205378973105,0.903149127823849
217,ISIC_0027796.jpg,0.96990966796875,0.9833296701438788,0.9672060266409459,0.9965218285244328,0.9704822292674787
218,ISIC_0025803.jpg,0.775634765625,0.8319773288234756,0.7122955310323237,0.9631961899722186,0.7322243900476698
219,ISIC_0027229.jpg,0.9554901123046875,0.9725420059302489,0.9465515977719144,0.9924117262842432,0.9534523172329783
220,ISIC_0024743.jpg,1.0,1.0,1.0,1.0,1.0
221,ISIC_0011099.jpg,0.8886566162109375,0.9192264691882798,0.8505264451636692,0.9756791051790582,0.8689492078772786
222,ISIC_0010470.jpg,0.8958740234375,0.9236330267015824,0.8581023476326132,0.9775435271822812,0.8753579534607471
223,ISIC_0030794.jpg,0.90020751953125,0.9324310362640769,0.8734152714603697,0.9792326721930472,0.8898990297388972
224,ISIC_0000306.jpg,0.8380279541015625,0.8470394973846131,0.734664800279958,0.9412650120096077,0.7699622760138322
225,ISIC_0000021.jpg,0.933319091796875,0.9587836945654838,0.9208304648719157,0.9857073596431688,0.9332917133361488
226,ISIC_0000264.jpg,0.979248046875,0.9894599789199578,0.9791398245291122,0.9991078834927144,0.9799966226070403
227,ISIC_0028820.jpg,0.9229736328125,0.9556149544543313,0.9150025256777236,0.9836190200372871,0.9291613234162606
228,ISIC_0028076.jpg,0.9268341064453125,0.9577536761790646,0.9189321701494556,0.989747978731153,0.9277630792865068
229,ISIC_0027433.jpg,0.914947509765625,0.9347490166697884,0.8774918130068793,0.9644884647904336,0.9067887074428218
230,ISIC_0010759.jpg,0.886993408203125,0.9114263161671492,0.8372665348275105,0.9839638476436411,0.8488493840361782
231,ISIC_0031569.jpg,0.9766693115234375,0.9881265773636188,0.9765318025540275,0.9987755294265396,0.9777023081415005
232,ISIC_0000531.jpg,0.9456329345703125,0.9707329494582763,0.9431303070931495,0.9885401679660053,0.9535559249277842
233,ISIC_0000305.jpg,0.96734619140625,0.9805380236090143,0.96181912255348,0.9923789186900576,0.9689763637997664
234,ISIC_0000050.jpg,0.9339141845703125,0.9629414130351076,0.9285313531353135,0.9937656741196002,0.9339718160240343
235,ISIC_0011112.jpg,0.9386444091796875,0.9334591007628787,0.8752211016291699,0.9817941309569395,0.8896599583622484
236,ISIC_0026606.jpg,0.9912261962890625,0.9953588984042683,0.9907606774431983,0.9994488839900799,0.9913022508038585
237,ISIC_0011137.jpg,0.9698486328125,0.980787554691298,0.9622994295308416,0.9899701656591035,0.9717737274093484
238,ISIC_0026923.jpg,0.9685211181640625,0.9837052249121284,0.967932974787826,0.9962562994960403,0.9714664586583464
239,ISIC_0029309.jpg,0.9410400390625,0.9681424684640119,0.9382520734455151,0.9940741242402181,0.9435293361402607
240,ISIC_0025594.jpg,0.9608001708984375,0.9790857654577279,0.9590284201460878,0.9939503132283178,0.9646592659137577
241,ISIC_0000310.jpg,0.9503021240234375,0.8981901159701167,0.8151951883794826,0.9629356568364611,0.8416027180598676
242,ISIC_0026117.jpg,0.895355224609375,0.9299116997792495,0.8690046415678184,0.9836331401885324,0.8817543995658578
243,ISIC_0030579.jpg,0.9495086669921875,0.9713325305171233,0.9442629025737771,0.9920191116616528,0.9514910806728109
244,ISIC_0000173.jpg,0.9532623291015625,0.9684112824214923,0.9387571479985604,0.9952939181311343,0.9429426413881749
245,ISIC_0029052.jpg,1.0,1.0,1.0,1.0,1.0
246,ISIC_0011166.jpg,0.9495086669921875,0.9732357342176567,0.9478667759011847,0.9938712128721049,0.9534397236176922
247,ISIC_0000535.jpg,0.9778900146484375,0.9874852094003437,0.9752797870888494,0.9948488592659624,0.9802297668038409
248,ISIC_0028389.jpg,0.8981475830078125,0.9246435385362218,0.8598484053163121,0.9886772410130127,0.8683998473217693
249,ISIC_0000175.jpg,0.980682373046875,0.9894867962132535,0.9791923475173808,0.9975052740849881,0.9815962039081293
250,ISIC_0010349.jpg,0.8895263671875,0.9136120656739214,0.8409630085229769,0.9772559029993618,0.8577509914189053
251,ISIC_0026794.jpg,0.926605224609375,0.9563679245283019,0.9163841807909604,0.9875051515492114,0.9271342643075733
252,ISIC_0026068.jpg,0.99267578125,0.9961710274409701,0.9923712650985378,0.9998238619077356,0.9925447869144319
253,ISIC_0027093.jpg,0.9936676025390625,0.9968182898499613,0.9936567620445097,0.9997693159448819,0.9938846336131113
254,ISIC_0026835.jpg,0.8749542236328125,0.9047436389208541,0.8260565024515526,0.9670269598707913,0.8499978159262657
255,ISIC_0010413.jpg,0.969970703125,0.9844542395374188,0.9693844215242451,0.9966252958863796,0.9725768690494772
256,ISIC_0028336.jpg,0.9140167236328125,0.951231966212883,0.9069993893482531,0.9910017131007123,0.9145310523863409
257,ISIC_0030868.jpg,0.987091064453125,0.9934346334725046,0.986954912724357,0.9987828475126397,0.9881433908667058
258,ISIC_0030767.jpg,0.941253662109375,0.9649279428644305,0.9322326269098078,0.9864774251229325,0.9442998252683379
259,ISIC_0026553.jpg,0.9371337890625,0.9638152116634463,0.9301576538396339,0.9900757849151931,0.938911704312115
260,ISIC_0025005.jpg,0.9687652587890625,0.9838931772222616,0.9682969892206665,0.9976224668900591,0.9705366429159099
261,ISIC_0026072.jpg,0.985321044921875,0.9925982919135184,0.985305349341643,0.9996280684354079,0.9856666972280799
262,ISIC_0028123.jpg,0.97174072265625,0.966776693455798,0.9356899784707271,0.9840411934411861,0.9501075420471775
263,ISIC_0026967.jpg,0.855255126953125,0.9024716236223064,0.8222763466042154,0.9713394121813032,0.8427227342549923
264,ISIC_0000458.jpg,0.9505462646484375,0.9732239489098735,0.9478444183389388,0.9925014744291852,0.9546810165975104
265,ISIC_0000222.jpg,0.96392822265625,0.9706152889993785,0.9429082039268722,0.9904614525990005,0.9515488289342204
266,ISIC_0011121.jpg,0.9593505859375,0.9785472700918022,0.9579956481977863,0.9946630868967323,0.9629453531127171
267,ISIC_0010630.jpg,0.927947998046875,0.9559744909375699,0.9156620050367036,0.9887750969160447,0.925280199252802
268,ISIC_0000226.jpg,0.9727325439453125,0.9805990728376162,0.9619366107182414,0.9950863740525295,0.9665275548421616
269,ISIC_0026984.jpg,0.91656494140625,0.9513219976853913,0.9071631097302161,0.9899946267439922,0.9155571548518652
270,ISIC_0031955.jpg,0.75897216796875,0.8064595177416192,0.6756867737034452,0.9422779591135544,0.7048618547868922
271,ISIC_0027680.jpg,0.9709625244140625,0.9809419847175348,0.9625968001886867,0.9955077648589317,0.9667962966618631
272,ISIC_0011151.jpg,0.9249420166015625,0.9581806588735389,0.9197186316751534,0.9915716497747747,0.9269652756073891
273,ISIC_0024904.jpg,0.974761962890625,0.9866239668753134,0.9736010470201424,0.9965529071572103,0.9768909245231652
274,ISIC_0025824.jpg,0.9813232421875,0.9897942167228096,0.9797946449205982,0.995905902882647,0.9837570855570656
275,ISIC_0010610.jpg,0.8781280517578125,0.9231982306841675,0.8573520744405351,0.9663418954827281,0.8837423369355106
276,ISIC_0024582.jpg,0.9713592529296875,0.9852905450413385,0.971007553173414,0.9980947542232949,0.9728106962133053
277,ISIC_0031384.jpg,0.9840240478515625,0.9918021876492558,0.9837376906588798,0.9983606298964359,0.985329350633187
278,ISIC_0000449.jpg,0.967010498046875,0.982663223902619,0.9659173313995649,0.9949014386386517,0.970722433460076
279,ISIC_0026625.jpg,0.940582275390625,0.968488006991875,0.9389013540865799,0.9893196660329007,0.9485155420292611
280,ISIC_0010993.jpg,0.80499267578125,0.8583337028333258,0.7518253844958832,0.96688477099046,0.7716962328084512
281,ISIC_0027858.jpg,0.862091064453125,0.8838004628439188,0.7917943283650856,0.9630158863579054,0.8166266720520802
282,ISIC_0027332.jpg,0.9073028564453125,0.9361742364547546,0.8800071106897369,0.9780260789392808,0.8977572692284442
283,ISIC_0000313.jpg,0.9569549560546875,0.9756741141876568,0.9525036198942655,0.9939561115308256,0.9580524978831498
284,ISIC_0028188.jpg,0.9810333251953125,0.9887449180090366,0.9777403699790477,0.9934856976490283,0.984049168213687
285,ISIC_0029962.jpg,0.98040771484375,0.9897592955926687,0.9797262090853109,0.9979734620024125,0.9816792443874888
286,ISIC_0031513.jpg,0.9864044189453125,0.9928819652486519,0.9858645471419732,0.9980406013105486,0.9877763825086233
287,ISIC_0031271.jpg,0.9481048583984375,0.9722903443949257,0.9460749338026606,0.9918218085106383,0.953513271649328
288,ISIC_0000475.jpg,0.8865509033203125,0.9027659713594455,0.8227651966626937,0.9834454068839754,0.83432038482922
289,ISIC_0026411.jpg,0.873565673828125,0.9262588327430007,0.8626462884991546,0.9876074620917389,0.8720862031404488
290,ISIC_0028650.jpg,0.9548797607421875,0.9743816330950834,0.9500430808737815,0.9907154560349536,0.9585776626210283
291,ISIC_0000265.jpg,0.92437744140625,0.9483179343858843,0.9017154189390183,0.9823488743896642,0.9165658764715369
292,ISIC_0025630.jpg,0.9933013916015625,0.9966224793617332,0.9932676972150656,0.9991823763537071,0.9940756657202057
293,ISIC_0032614.jpg,0.94610595703125,0.9685546909777247,0.9390267060265507,0.9870438585349035,0.9507454599479139
294,ISIC_0026526.jpg,0.8246002197265625,0.8754267136277432,0.7784523465356076,0.9648137973867138,0.801198127429977
295,ISIC_0033254.jpg,0.9574127197265625,0.9658070444104134,0.9338750947687642,0.9850802219223271,0.9472735574727836
296,ISIC_0031940.jpg,0.9482574462890625,0.9692071592673647,0.9402540655778142,0.9897255192878338,0.9495222674946178
297,ISIC_0034196.jpg,0.984039306640625,0.9909496781338686,0.9820617036236731,0.9995636236690522,0.98248292900525
298,ISIC_0024943.jpg,0.9219818115234375,0.9400438560489687,0.8868705195150013,0.9820172967146042,0.9015114029958167
299,ISIC_0033349.jpg,0.976531982421875,0.986426138068593,0.9732158406185782,0.992117596932254,0.9807996068658078
300,ISIC_0029248.jpg,0.944427490234375,0.9708229186694867,0.9433001728083695,0.9963822334774959,0.9465421086341836
301,ISIC_0000457.jpg,0.971527099609375,0.9807553474557043,0.9622374225927874,0.9903976337770002,0.9712990010826711
302,ISIC_0027057.jpg,0.98162841796875,0.9905734239453823,0.9813229089103996,0.9990366545064039,0.9822523795475366
303,ISIC_0024468.jpg,0.9443206787109375,0.9705409834742103,0.9427679663728473,0.9979081929110982,0.944634774955997
304,ISIC_0027385.jpg,0.9940185546875,0.9969298726523708,0.9938785389696582,0.9994660720174626,0.9944065121947409
305,ISIC_0030138.jpg,0.996673583984375,0.998330295185429,0.9966661569047255,0.9996472122095252,0.9970168433613291
306,ISIC_0027875.jpg,0.97589111328125,0.9813084112149533,0.963302752293578,0.9926760967904071,0.9701981332896676
307,ISIC_0030766.jpg,0.9433441162109375,0.965936717338055,0.934117605308918,0.987099919374496,0.9456619364109934
308,ISIC_0028885.jpg,0.9569091796875,0.9754724847137298,0.9521193624957612,0.9937707935159623,0.9578358463532783
309,ISIC_0028238.jpg,0.986724853515625,0.993201319100386,0.9864944580707256,0.9986171349550569,0.9878439297372921
310,ISIC_0024581.jpg,0.913116455078125,0.9465231601487659,0.8984755282161005,0.9903112962817389,0.9064433731472155
311,ISIC_0027189.jpg,0.9238433837890625,0.9488244281070882,0.9026317329639673,0.9702027721277443,0.9283679120349934
312,ISIC_0032135.jpg,0.8826141357421875,0.9257740513107494,0.8618057052525688,0.9854164527061723,0.872939335492558
313,ISIC_0010534.jpg,0.97369384765625,0.9861555016623035,0.9726891089108911,0.9973037503857586,0.9752537365587128
314,ISIC_0027998.jpg,0.8205108642578125,0.7726824743463389,0.6295701464336325,0.9328978068128791,0.6594320018471485
315,ISIC_0030021.jpg,0.984039306640625,0.9911369452117472,0.9824296176846066,0.9962355426099102,0.9860902699330647
316,ISIC_0000027.jpg,0.962677001953125,0.978362407558119,0.9576413542298035,0.9949621259828353,0.9623074915165754
317,ISIC_0031197.jpg,0.983062744140625,0.9905118473689608,0.9812020525326424,0.9975723140495868,0.983550621307802
318,ISIC_0000465.jpg,0.876007080078125,0.9153259419806603,0.8438718850269948,0.9879878528849398,0.852619727059189
319,ISIC_0026416.jpg,0.9674072265625,0.9808427056987569,0.9624056180368552,0.9951770829541732,0.9669154052907059
320,ISIC_0029220.jpg,0.99468994140625,0.997331574830923,0.9946773527477402,0.9994774616933315,0.9951948827031081
321,ISIC_0028224.jpg,0.982635498046875,0.9911450714307947,0.9824455859441282,0.9978222723569593,0.984556641108088
322,ISIC_0024634.jpg,0.96844482421875,0.9836454510945211,0.967817236764294,0.9978179251034881,0.969869935435576
323,ISIC_0011118.jpg,0.89324951171875,0.9286530146038999,0.8668088184898908,0.9834542941074823,0.8796367851622875
324,ISIC_0026118.jpg,0.97845458984375,0.9890530755275767,0.9783432261231001,0.9986848491490661,0.9796053136758044
325,ISIC_0025209.jpg,0.9635467529296875,0.9809897428960205,0.9626887816458167,0.9944180944084148,0.9679192249108868
326,ISIC_0000145.jpg,0.9801483154296875,0.9859907179084066,0.9723685328349333,0.9989090829751489,0.9734022196708764
327,ISIC_0030197.jpg,0.9439849853515625,0.9690860554615197,0.9400261395196863,0.9923768130939445,0.9468634807793576
328,ISIC_0029781.jpg,0.991943359375,0.9959481237050112,0.9919289503049573,0.9991839122936684,0.9927332252241227
329,ISIC_0010231.jpg,0.9892425537109375,0.9945154539726005,0.9890907402822481,0.9994839879909933,0.9895960737564057
330,ISIC_0026046.jpg,0.9596710205078125,0.9779524012112415,0.9568560235063663,0.9925999932265385,0.9637308255100866
331,ISIC_0010140.jpg,0.9787445068359375,0.9872842289751617,0.9748877791999423,0.995471614755909,0.9792304210049796
332,ISIC_0025099.jpg,0.9745330810546875,0.9845687287924036,0.9696064684136725,0.9930432512076394,0.9762376237623762
333,ISIC_0000350.jpg,0.960052490234375,0.9754850550603041,0.9521433141394754,0.9906426520093573,0.9607843137254902
334,ISIC_0000097.jpg,0.974639892578125,0.9835259599944493,0.9675859109880252,0.9952855738559994,0.9720409882638766
335,ISIC_0026473.jpg,0.982940673828125,0.9913259368453722,0.9828010583964064,0.996754766436796,0.9859559232051361
336,ISIC_0010016.jpg,0.9816741943359375,0.9904289824119602,0.9810394367086609,0.996983747533251,0.9839598441903917
337,ISIC_0000434.jpg,0.977447509765625,0.9883134340159722,0.9768968643511426,0.9977170772202621,0.9790853973774498
338,ISIC_0026902.jpg,0.972686767578125,0.9854395783171732,0.9712970832063884,0.9969223173140224,0.9742183479155945
339,ISIC_0010785.jpg,0.941864013671875,0.9680551363316229,0.9380880417296349,0.9911919233542804,0.9459738472126634
340,ISIC_0026327.jpg,0.9309844970703125,0.9591591645823364,0.9215233798906914,0.9902119805358242,0.9299947469795132
341,ISIC_0027811.jpg,0.904571533203125,0.8947775758799381,0.8095905008372659,0.969872706714812,0.8304756550797964
342,ISIC_0026867.jpg,0.9242706298828125,0.9474442197113296,0.9001368264316472,0.9840086225858959,0.9134998264278859
343,ISIC_0026766.jpg,0.9390869140625,0.9624027576334081,0.9275301806299355,0.9881062891622187,0.9380025702221406
344,ISIC_0027194.jpg,0.78375244140625,0.7436324167872648,0.5918908022807119,0.8899376515413925,0.6386403181705195
345,ISIC_0026104.jpg,0.85015869140625,0.900942159097787,0.8197404409200213,0.9700451820314536,0.8410297939658744
346,ISIC_0027269.jpg,0.978729248046875,0.986707351959569,0.9737634570503652,0.997916907765305,0.9757468316234158
347,ISIC_0027884.jpg,0.968994140625,0.9838916810679689,0.9682940910296619,0.9971719184355567,0.9709605244629418
348,ISIC_0027367.jpg,0.95550537109375,0.973767070296335,0.948875291477462,0.9936840172587901,0.9546328470887059
349,ISIC_0025627.jpg,0.9204559326171875,0.9530837975754411,0.9103725736292833,0.9915730337078652,0.9174709337584254
350,ISIC_0024850.jpg,0.7904052734375,0.8204021861352999,0.6954931388414729,0.9490002722405396,0.7224972940607512
351,ISIC_0024676.jpg,0.96337890625,0.9811873892799473,0.96306953698432,0.9986437324483023,0.9643308372623339
352,ISIC_0027527.jpg,0.886627197265625,0.9082104118795246,0.8318548022087444,0.9702264688803252,0.8536460752438458
353,ISIC_0010862.jpg,0.992645263671875,0.9962084860689394,0.9924456146950035,0.9997158193874329,0.9927256764807324
354,ISIC_0029192.jpg,0.968994140625,0.9815537682238239,0.9637757375880204,0.994316927830501,0.9691141146524218
355,ISIC_0033084.jpg,0.9403533935546875,0.9659651902867143,0.9341708627338711,0.9908545298656759,0.9422956054969509
356,ISIC_0010898.jpg,0.9873809814453125,0.9934172298238491,0.9869205586044378,0.9986876640419947,0.9882021315343563
357,ISIC_0026716.jpg,0.9019775390625,0.9392391653897811,0.8854391440035666,0.9867639167676928,0.8960818639571189
358,ISIC_0028714.jpg,0.8571319580078125,0.8952836835806872,0.8104195351097433,0.9745793664321021,0.8279207347344034
359,ISIC_0028303.jpg,0.9940643310546875,0.9970106127091227,0.9940390450213,0.9997071877696955,0.9943285458084888
360,ISIC_0028486.jpg,0.973236083984375,0.9855146670190275,0.9714429918106186,0.9969423558897244,0.974345994317254
361,ISIC_0025113.jpg,0.9078369140625,0.9352861765273105,0.8784390283172661,0.9754827462900053,0.8982712492282363
362,ISIC_0010432.jpg,0.9680938720703125,0.9801896713437105,0.9611489938871445,0.995152168058174,0.9656704437267822
363,ISIC_0011112.jpg,0.9386444091796875,0.9334591007628787,0.8752211016291699,0.9817941309569395,0.8896599583622484
364,ISIC_0010993.jpg,0.80499267578125,0.8583337028333258,0.7518253844958832,0.96688477099046,0.7716962328084512
365,ISIC_0026940.jpg,0.9607086181640625,0.9791553673917092,0.9591619881371523,0.9931033350301318,0.96559376696363
366,ISIC_0025831.jpg,0.9972381591796875,0.9986154564021755,0.9972347414254068,0.9998008791949393,0.9974328412945814
367,ISIC_0000507.jpg,0.96771240234375,0.9793649555312841,0.959564303458819,0.9943169442189264,0.9648559844743769
368,ISIC_0027146.jpg,0.994232177734375,0.9970873786407767,0.9941916747337851,0.9993975903614458,0.9947878228782288
369,ISIC_0027522.jpg,0.9942626953125,0.9970521826392373,0.9941216934525671,0.998665054261618,0.9954445122810314
370,ISIC_0024758.jpg,0.959442138671875,0.9779821073558648,0.9569129018139376,0.991251343363783,0.9650634318597959
371,ISIC_0000055.jpg,0.939208984375,0.9583054253181514,0.9199485613245459,0.9866603452362994,0.9315347209505789
372,ISIC_0026085.jpg,0.9131011962890625,0.9439661533920402,0.8938786918848411,0.9849091469048352,0.9062913281692802
373,ISIC_0000151.jpg,0.9709625244140625,0.9838112819116809,0.9681383628844576,0.9933688369695929,0.9744358874976828
374,ISIC_0025454.jpg,0.9322662353515625,0.9527700639450137,0.9098002560299108,0.9823814643350813,0.9248915513323693
375,ISIC_0010081.jpg,0.8563995361328125,0.8336014993723148,0.7146798447732233,0.9497582594681708,0.7427608154519961
376,ISIC_0000037.jpg,0.9599456787109375,0.971070873604514,0.9437684760721478,0.9973513831665686,0.9461398045742511
377,ISIC_0011136.jpg,0.904266357421875,0.9466614523999797,0.898724778046812,0.9900243611856963,0.9069377249995928
378,ISIC_0026525.jpg,0.9821319580078125,0.9909577384307698,0.9820775364647902,0.9979470590065009,0.9840656391381029
379,ISIC_0029341.jpg,0.76080322265625,0.814027428462962,0.6863796414852753,0.9673217356979728,0.7026728110599079
380,ISIC_0010007.jpg,0.794830322265625,0.708481484693435,0.5485647137821051,0.7812096581400908,0.648141536752747
381,ISIC_0028197.jpg,0.9700469970703125,0.9839685741586156,0.9684430512016718,0.9948147169562058,0.973356384611656
382,ISIC_0000263.jpg,0.9813232421875,0.9897061544413233,0.9796220760842421,0.9980324643384161,0.9815176233131495
383,ISIC_0025642.jpg,0.9720001220703125,0.9839321208724816,0.9683724297212982,0.9953407621308484,0.9727820486183254
384,ISIC_0010137.jpg,0.962615966796875,0.9802908903690832,0.9613436627274018,0.9980016707343041,0.9631977488657382
385,ISIC_0029130.jpg,0.921783447265625,0.9489096200613962,0.9027859432191014,0.9759112714748452,0.923361911781821
386,ISIC_0010890.jpg,0.8783721923828125,0.926823894463366,0.8636270316509838,0.9818142918271288,0.8776666956446144
387,ISIC_0025743.jpg,0.9266357421875,0.9535144542202456,0.9111587427705612,0.9909169463255832,0.9188328022807312
388,ISIC_0027954.jpg,0.9779205322265625,0.9880978819658647,0.9764757523044658,0.9961027546062123,0.9802206410340101
389,ISIC_0000324.jpg,0.9185791015625,0.9500729817732699,0.9048943072042206,0.9925514652694962,0.9110812023328847
390,ISIC_0029680.jpg,0.9658660888671875,0.9821848097031863,0.9649932709461363,0.9930431421807817,0.9715613675752324
391,ISIC_0000496.jpg,0.97918701171875,0.9868570657724847,0.974055123352291,0.9959352755844257,0.9779428615079062
392,ISIC_0027828.jpg,0.9862060546875,0.9916148780261571,0.9833692072778115,0.9974807792789431,0.9858175648260854
393,ISIC_0000267.jpg,0.929534912109375,0.8581433925170485,0.7515334122457764,0.9592088998763906,0.776345042240996
394,ISIC_0028451.jpg,0.8582611083984375,0.857711808587228,0.7508716408303384,0.9477015774152054,0.7833300691083069
395,ISIC_0000292.jpg,0.91485595703125,0.9526661350796531,0.9096107430385694,0.9941751354413796,0.914484398410527
396,ISIC_0026015.jpg,0.894073486328125,0.9189492119089316,0.8500518403317782,0.9735546594760409,0.8701439405664758
397,ISIC_0025940.jpg,0.9484405517578125,0.9728282284069252,0.9470940063881756,0.996195652173913,0.950531923252196
398,ISIC_0032356.jpg,0.838470458984375,0.863821138211382,0.7602862254025045,0.9529418442937019,0.789944239230172
399,ISIC_0000019.jpg,0.9595947265625,0.9728993961723468,0.9472289204647363,0.9944347971630019,0.9522769619137299
400,ISIC_0026528.jpg,0.9371490478515625,0.9668893336870282,0.9359010270774977,0.9994515903878751,0.9363818954645242
401,ISIC_0028497.jpg,0.97808837890625,0.9880596022084748,0.9764009860312243,0.9958098685974792,0.9804290429042904
402,ISIC_0025330.jpg,1.0,1.0,1.0,1.0,1.0
403,ISIC_0033860.jpg,0.9732666015625,0.9851462484103434,0.9707273061435899,0.9954424740854965,0.975060837459092
404,ISIC_0000248.jpg,0.992431640625,0.9961500248385494,0.9923295806012619,0.9994704214821968,0.9928516168961783
405,ISIC_0011140.jpg,0.9400634765625,0.9647092647164524,0.9318244931963343,0.9804057632256533,0.949507454503652
406,ISIC_0000176.jpg,0.968719482421875,0.9824741386680346,0.9655520080658713,0.995875073659399,0.9694290727493589
407,ISIC_0000243.jpg,0.96588134765625,0.9752089939463822,0.9516174402250351,0.9918136304181138,0.959151182064032
408,ISIC_0027159.jpg,0.97515869140625,0.9780456887018907,0.9570346520281862,0.9870706080897164,0.9691843061791747
409,ISIC_0031874.jpg,0.9674072265625,0.9831792481060904,0.9669150106101206,0.9971566857818316,0.9695882453442679
410,ISIC_0028670.jpg,0.8702392578125,0.9031170251549399,0.8233485666805151,0.9180737961225766,0.8886397775934354
411,ISIC_0010559.jpg,0.921142578125,0.9282301966448173,0.8660723540997202,0.9814401503582756,0.8804932026557066
412,ISIC_0010876.jpg,0.955291748046875,0.9731743939061012,0.9477504146084847,0.9881012140480042,0.9586918484044952
413,ISIC_0029545.jpg,0.9664764404296875,0.9827898195946951,0.9661619973200671,0.9981859843421806,0.967861385833089
414,ISIC_0032854.jpg,0.9534912109375,0.97570811482857,0.9525684318638055,0.9948642103723447,0.9572757838767691
415,ISIC_0000370.jpg,0.951995849609375,0.967867794255832,0.9377362598214816,0.9892888462020295,0.9473547406726117
416,ISIC_0024590.jpg,0.9819183349609375,0.9908053290295549,0.9817782015007996,0.9986704623662641,0.9830631129998306
417,ISIC_0026629.jpg,0.991119384765625,0.9955027354495719,0.9910457405726418,0.9983571240371352,0.9926646222126335
418,ISIC_0000448.jpg,0.9676361083984375,0.9827934483681763,0.9661690113886496,0.995987963891675,0.9699439551641313
419,ISIC_0025605.jpg,0.94610595703125,0.9683489855903649,0.9386400750495119,0.9881307266043636,0.9493437351747404
420,ISIC_0000312.jpg,0.9795074462890625,0.5843392138656763,0.41276781810231744,0.621870882740448,0.5510799766491535
421,ISIC_0027184.jpg,0.8912811279296875,0.93055352495687,0.8701263192431782,0.9821009751882483,0.8841473578929822
422,ISIC_0024696.jpg,0.887664794921875,0.9169636814798106,0.8466601403844952,0.9761304420911078,0.8645596273688241
423,ISIC_0000089.jpg,0.9862518310546875,0.9922934147614038,0.9847047040249886,0.997626582278481,0.9870169647263013
424,ISIC_0010398.jpg,0.9517974853515625,0.9750215467822153,0.9512605301323788,0.9975730118922417,0.9534671532846716
425,ISIC_0024515.jpg,0.933135986328125,0.9610544278147108,0.925028657462061,0.9921824821536711,0.9318201402891957
426,ISIC_0030242.jpg,0.9149169921875,0.9489657697235951,0.9028875962241806,0.9846533713200379,0.9157745981275393
427,ISIC_0030352.jpg,0.99951171875,0.9997557885739579,0.999511696397235,0.9998473538795012,0.9996642400378493
428,ISIC_0024709.jpg,0.9023590087890625,0.9365134483545484,0.8806067616986343,0.9833322916015584,0.8939502992650958
429,ISIC_0026044.jpg,0.9861602783203125,0.9925568494218633,0.9852236812094751,0.9959158803089438,0.9892204010861386
430,ISIC_0031171.jpg,0.942413330078125,0.9680980557903635,0.9381686518013664,0.9961554519518475,0.94157787424362
431,ISIC_0000456.jpg,0.808074951171875,0.8034994532104358,0.671541233613621,0.9286101180803813,0.7080981358592394
432,ISIC_0030487.jpg,0.900115966796875,0.9424760097015713,0.8912100513536422,0.9872236234098566,0.9016090253375254
433,ISIC_0010379.jpg,0.8685302734375,0.8713492205697904,0.7720273059215749,0.9688537654402976,0.7916757108747559
434,ISIC_0011174.jpg,0.9397125244140625,0.9680874263975381,0.9381486873620438,0.9950354492171285,0.942560553633218
435,ISIC_0000246.jpg,0.927642822265625,0.9575599190935615,0.9185755005322985,0.993573789978084,0.9240655012782423
436,ISIC_0030574.jpg,0.9847259521484375,0.9919319088571682,0.9839929639401935,0.9978270740092106,0.9861059918911556
437,ISIC_0024880.jpg,0.9532623291015625,0.9742117448958114,0.9497201201595561,0.9937990621296185,0.9553816176227748
438,ISIC_0009916.jpg,0.8386383056640625,0.8830962093324048,0.7906645287724924,0.9718484634662644,0.8091977309562399
439,ISIC_0010417.jpg,0.97955322265625,0.9891468096480003,0.9785266733971123,0.9962475323446397,0.9821465909639232
440,ISIC_0026138.jpg,0.98443603515625,0.9920414468961642,0.9842085707208323,0.9973799400680902,0.9867597982149786
441,ISIC_0028121.jpg,0.869140625,0.7169076384762659,0.5587342423462824,0.8076007734642273,0.6445275403608737
442,ISIC_0027394.jpg,0.9738311767578125,0.9862952396934609,0.9729610418276129,0.9962707650581987,0.976517501107665
443,ISIC_0025851.jpg,0.8824920654296875,0.884793178248186,0.7933893166635366,0.9549828844539172,0.8242147217035034
444,ISIC_0027896.jpg,0.940338134765625,0.9682222330586304,0.9384019156846682,0.9955209412708493,0.9423807113023668
445,ISIC_0025504.jpg,0.9992828369140625,0.9996412898301851,0.9992828369140625,1.0,0.9992828369140625
446,ISIC_0001128.jpg,0.9221038818359375,0.9331044514040857,0.8745977547962367,0.9792348524436866,0.8911247935125394
